N cont;N mid;L;Species;status
80_E_1;1;37;MT;dead
80_E_1;2;24;MT;dead
80_E_1;3;25;MT;dead
80_E_1;4;25;MT;dead
80_E_1;5;25;MT;dead
80_E_1;6;25;MT;dead
80_E_1;7;20;MT;dead
80_E_1;8;22;MT;dead
80_E_1;9;NA;MT;dead
80_E_1;10;NA;MT;dead
80_E_1;11;34;ME;alive
80_E_1;12;22;MT;alive
80_E_1;13;21;ME;alive
80_E_1;14;36;MT;alive
80_E_1;15;33;MT;alive
80_E_1;16;22;MT;alive
80_E_1;17;22;MT;alive
80_E_1;18;29;MT;alive
80_E_1;19;20;MT;alive
80_E_1;20;31;MT;alive
80_E_1;21;24;ME;alive
80_E_1;22;33;MT;alive
80_E_1;23;23;MT;alive
80_E_1;24;35;MT;alive
80_E_1;25;28;MT;alive
80_E_1;26;29;ME;alive
80_E_1;27;23;MT;alive
80_E_1;28;31;MT;alive
80_E_1;29;22;MT;alive
80_E_1;30;31;MT;alive
80_E_1;31;30;MT;alive
80_E_1;32;29;ME;alive
80_E_1;33;34;MT;alive
80_E_1;34;30;MT;alive
80_E_1;35;24;ME;alive
80_E_1;36;27;MT;alive
80_E_1;37;22;MT;alive
80_E_1;38;23;MT;alive
80_E_1;39;27;MT;alive
80_E_1;40;24;MT;alive
80_E_1;41;34;ME;alive
80_E_1;42;32;MT;alive
80_E_1;43;37;ME;alive
80_E_1;44;25;ME;alive
80_E_1;45;21;MT;alive
80_E_1;46;22;MT;alive
80_E_1;47;27;MT;alive
80_E_1;48;34;MT;alive
80_E_1;49;27;MT;alive
80_E_1;50;22;MT;alive
80_E_1;51;24;MT;alive
80_E_1;52;28;ME;alive
80_E_1;53;26;MT;alive
80_E_1;54;24;MT;alive
80_E_1;55;29;ME;alive
80_E_1;56;25;MT;alive
80_E_1;57;26;MT;alive
F_E_1;58;23;MT;dead
F_E_1;59;20;MT;dead
F_E_1;60;21;MT;dead
F_E_1;61;NA;MT;dead
F_E_1;62;28;MT;alive
F_E_1;63;21;MT;alive
F_E_1;64;24;MT;alive
F_E_1;65;27;ME;alive
F_E_1;66;23;MT;alive
F_E_1;67;26;MT;alive
F_E_1;68;21;MT;alive
F_E_1;69;32;MT;alive
F_E_1;70;28;MT;alive
F_E_1;71;20;MT;alive
F_E_1;72;25;MT;alive
F_E_1;73;33;ME;alive
F_E_1;74;27;MT;alive
F_E_1;75;32;MT;alive
F_E_1;76;25;MT;alive
F_E_1;77;21;MT;alive
F_E_1;78;27;ME;alive
F_E_1;79;28;ME;alive
F_E_1;80;28;ME;alive
F_E_1;81;22;MT;alive
F_E_1;82;26;MT;alive
F_E_1;83;27;MT;alive
F_E_1;84;24;MT;alive
F_E_1;85;28;ME;alive
F_E_1;86;23;MT;alive
F_E_1;87;28;ME;alive
F_E_1;88;44;MT;alive
F_E_1;89;27;ME;alive
F_E_1;90;24;ME;alive
F_E_1;91;25;MT;alive
F_E_1;92;22;ME;alive
F_E_1;93;23;MT;alive
F_E_1;94;23;MT;alive
F_E_1;95;25;MT;alive
F_E_1;96;24;MT;alive
F_E_1;97;22;MT;alive
F_E_1;98;28;MT;alive
F_E_1;99;25;MT;alive
F_E_1;100;31;ME;alive
F_E_1;101;21;MT;alive
F_E_1;102;37;MT;alive
F_E_1;103;20;MT;alive
F_E_1;104;31;MT;alive
F_E_1;105;31;ME;alive
F_E_1;106;20;MT;alive
F_E_1;107;31;MT;alive
F_E_1;108;23;MT;alive
F_E_1;109;21;MT;alive
F_E_1;110;21;MT;alive
F_E_1;111;21;MT;alive
F_E_1;112;26;MT;alive
F_E_1;113;27;MT;alive
F_E_1;114;56;MT;alive
F_E_1;115;22;MT;alive
F_E_1;116;22;MT;alive
F_E_1;117;22;MT;alive
FH2;204;29;ME;dead
FH2;205;34;ME;dead
FH2;206;40;ME;dead
FH2;207;27;ME;dead
FH2;208;23;ME;dead
FH2;209;22;ME;dead
FH2;210;29;ME;dead
FH2;211;NA;ME;dead
FH2;212;33;MT;dead
FH2;213;22;MT;dead
FH2;214;24;MT;dead
FH2;215;26;MT;dead
FH2;216;30;MT;dead
FH2;217;21;MT;dead
FH2;218;24;MT;dead
FH2;219;37;MT;dead
FH2;220;30;MT;dead
FH2;221;32;ME;alive
FH2;222;28;ME;alive
FH2;223;31;ME;alive
FH2;224;23;ME;alive
FH2;225;30;ME;alive
FH2;226;29;ME;alive
FH2;227;27;ME;alive
FH2;228;24;ME;alive
FH2;229;27;ME;alive
FH2;230;25;MT;alive
FH2;231;24;ME;alive
FH2;232;27;ME;alive
FH2;233;30;MT;alive
FH2;234;31;ME;alive
FH2;235;25;ME;alive
FH2;236;22;ME;alive
FH2;237;32;ME;alive
FH2;238;26;ME;alive
FH2;239;24;ME;alive
FH2;240;33;ME;alive
FH2;241;33;ME;alive
FH2;242;31;ME;alive
FH2;243;27;ME;alive
FH2;244;24;ME;alive
FH2;245;32;ME;alive
FH2;246;25;ME;alive
FH2;247;24;ME;alive
FH2;248;29;ME;alive
FH2;249;21;MT;alive
FH2;250;26;ME;alive
FH2;251;26;ME;alive
FH2;252;30;ME;alive
FH2;253;19;MT;alive
FH2;254;31;ME;alive
FH2;255;24;ME;alive
FH2;256;23;ME;alive
FH2;257;23;ME;alive
FH2;258;24;ME;alive
FH2;259;26;MT;alive
FH2;260;26;ME;alive
FH2;261;28;ME;alive
FH2;262;24;ME;alive
FH2;263;22;MT;alive
FH2;264;27;ME;alive
FH2;265;26;ME;alive
FH2;266;27;ME;alive
FH2;267;29;ME;alive
FH2;268;25;ME;alive
FH2;269;26;ME;alive
FH2;270;26;ME;alive
FH2;271;29;ME;alive
FH2;272;24;ME;alive
FH2;273;33;ME;alive
FH2;274;30;ME;alive
FH2;275;29;ME;alive
FH2;276;25;ME;alive
FH2;277;39;ME;alive
FH2;278;31;ME;alive
FH2;279;24;ME;alive
FH2;280;22;ME;alive
FH2;281;30;ME;alive
FH2;282;30;ME;alive
FH2;283;34;ME;alive
FH2;284;27;MT;alive
FH2;285;25;ME;alive
FH2;286;27;ME;alive
FH2;287;28;ME;alive
FH2;288;35;ME;alive
FH2;289;23;ME;alive
FH2;290;31;ME;alive
FH2;291;22;ME;alive
FH2;292;29;MT;alive
FH2;293;22;ME;alive
FH2;294;23;MT;alive
FH2;295;29;ME;alive
FH2;296;22;ME;alive
FH2;297;29;MT;alive
FH2;298;27;ME;alive
FH2;299;27;ME;alive
FH2;300;26;ME;alive
FH2;301;21;ME;alive
FH2;302;30;ME;alive
FH2;303;29;ME;alive
FH2;304;27;ME;alive
FH2;305;29;ME;alive
FH2;306;25;ME;alive
FH2;307;24;MT;alive
FH2;308;30;ME;alive
FH2;309;21;MT;alive
FH2;310;22;MT;alive
FH2;311;31;ME;alive
FH2;312;23;ME;alive
FH2;313;28;ME;alive
FH2;314;26;ME;alive
FH2;315;29;ME;alive
FH2;316;24;ME;alive
FH2;317;25;ME;alive
FH2;318;27;ME;alive
FH2;319;24;MT;alive
FH2;320;20;MT;alive
FH2;321;26;ME;alive
FH2;322;25;ME;alive
FH2;323;29;ME;alive
FH2;324;24;ME;alive
FH2;325;20;ME;alive
40_E_3;326;30;ME;dead
40_E_3;327;25;ME;dead
40_E_3;328;22;ME;dead
40_E_3;329;33;ME;dead
40_E_3;330;29;ME;dead
40_E_3;331;27;ME;dead
40_E_3;332;NA;ME;dead
40_E_3;333;NA;ME;dead
40_E_3;334;NA;ME;dead
40_E_3;335;27;MT;dead
40_E_3;336;23;MT;dead
40_E_3;337;37;MT;dead
40_E_3;338;33;ME;alive
40_E_3;339;24;ME;alive
40_E_3;340;29;ME;alive
40_E_3;341;26;ME;alive
40_E_3;342;26;ME;alive
40_E_3;343;29;ME;alive
40_E_3;344;25;MT;alive
40_E_3;345;31;ME;alive
40_E_3;346;22;ME;alive
40_E_3;347;30;ME;alive
40_E_3;348;35;ME;alive
40_E_3;349;28;ME;alive
40_E_3;350;32;ME;alive
40_E_3;351;31;ME;alive
40_E_3;352;29;MT;alive
40_E_3;353;30;ME;alive
40_E_3;354;27;ME;alive
40_E_3;355;27;ME;alive
40_E_3;356;30;MT;alive
40_E_3;357;32;ME;alive
40_E_3;358;32;ME;alive
40_E_3;359;29;MT;alive
40_E_3;360;25;ME;alive
40_E_3;361;26;ME;alive
40_E_3;362;30;ME;alive
40_E_3;363;36;ME;alive
40_E_3;364;26;ME;alive
40_E_3;365;29;ME;alive
40_E_3;366;32;ME;alive
40_E_3;367;31;MT;alive
40_E_3;368;32;ME;alive
40_E_3;369;26;ME;alive
40_E_3;370;28;ME;alive
40_E_3;371;29;ME;alive
40_E_3;372;33;ME;alive
40_E_3;373;28;ME;alive
40_E_3;374;30;ME;alive
40_E_3;375;32;ME;alive
40_E_3;376;24;ME;alive
40_E_3;377;37;MT;alive
40_E_3;378;26;ME;alive
40_E_3;379;26;ME;alive
40_E_3;380;23;MT;alive
40_E_3;381;30;ME;alive
40_E_3;382;30;ME;alive
40_E_3;383;28;ME;alive
40_E_3;384;27;MT;alive
40_E_3;385;25;ME;alive
40_E_3;386;26;MT;alive
40_E_3;387;33;ME;alive
F_E_4;388;21;MT;dead
F_E_4;389;30;MT;dead
F_E_4;390;31;MT;dead
F_E_4;391;29;MT;dead
F_E_4;392;24;MT;dead
F_E_4;393;33;MT;dead
F_E_4;394;23;MT;dead
F_E_4;395;33;MT;dead
F_E_4;396;25;MT;dead
F_E_4;397;24;MT;dead
F_E_4;398;33;MT;dead
F_E_4;399;21;MT;dead
F_E_4;400;35;MT;dead
F_E_4;401;24;MT;dead
F_E_4;402;20;MT;dead
F_E_4;403;25;MT;dead
F_E_4;404;30;MT;dead
F_E_4;405;26;MT;dead
F_E_4;406;27;MT;dead
F_E_4;407;29;MT;dead
F_E_4;408;18;MT;dead
F_E_4;409;29;MT;dead
F_E_4;410;26;MT;dead
F_E_4;411;31;MT;dead
F_E_4;412;NA;MT;dead
F_E_4;413;NA;MT;dead
F_E_4;414;NA;MT;dead
F_E_4;415;NA;MT;dead
F_E_4;416;23;ME;dead
F_E_4;417;25;MT;alive
F_E_4;418;38;MT;alive
F_E_4;419;24;MT;alive
F_E_4;420;22;MT;alive
F_E_4;421;27;ME;alive
F_E_4;422;30;MT;alive
F_E_4;423;32;ME;alive
F_E_4;424;22;MT;alive
F_E_4;425;24;MT;alive
F_E_4;426;25;MT;alive
F_E_4;427;27;ME;alive
F_E_4;428;32;ME;alive
F_E_4;429;32;ME;alive
F_E_4;430;32;ME;alive
F_E_4;431;22;MT;alive
F_E_4;432;25;MT;alive
F_E_4;433;24;MT;alive
F_E_4;434;24;ME;alive
F_E_4;435;29;MT;alive
F_E_4;436;34;ME;alive
F_E_4;437;22;MT;alive
F_E_4;438;25;MT;alive
F_E_4;439;21;MT;alive
F_E_4;440;NA;MT;alive
F_E_4;441;23;ME;alive
F_E_4;442;25;MT;alive
F_E_4;443;29;MT;alive
F_E_4;444;NA;MT;alive
F_E_4;445;30;ME;alive
F_E_4;446;34;ME;alive
F_E_4;447;29;MT;alive
F_E_4;448;29;MT;alive
F_E_4;449;24;MT;alive
F_E_4;450;22;ME;alive
F_E_4;451;22;MT;alive
F_E_4;452;30;ME;alive
F_E_4;453;30;ME;alive
F_E_4;454;27;MT;alive
F_E_4;455;33;ME;alive
F_E_4;456;26;MT;alive
F_E_4;457;26;MT;alive
F_E_4;458;29;MT;alive
F_E_4;459;33;ME;alive
F_E_4;460;23;MT;alive
F_E_4;461;26;MT;alive
F_E_4;462;22;MT;alive
F_E_4;463;33;MT;alive
F_E_4;464;33;ME;alive
F_E_4;465;24;MT;alive
F_E_4;466;24;ME;alive
F_E_4;467;29;MT;alive
F_E_4;468;29;MT;alive
F_E_4;469;25;MT;alive
F_E_4;470;22;MT;alive
F_E_4;471;22;MT;alive
F_E_4;472;31;MT;alive
F_E_4;473;39;MT;alive
F_E_4;474;24;ME;alive
F_E_4;475;29;MT;alive
F_E_4;476;32;MT;alive
F_E_4;477;28;MT;alive
F_E_4;478;26;MT;alive
F_E_4;479;36;ME;alive
F_E_4;480;28;MT;alive
F_E_4;481;29;ME;alive
F_E_4;482;38;ME;alive
F_E_4;483;30;MT;alive
F_E_4;484;27;MT;alive
F_E_4;485;30;MT;alive
F_E_4;486;24;MT;alive
F_E_4;487;21;MT;alive
F_E_4;488;26;MT;alive
F_E_4;489;30;MT;alive
F_E_4;490;35;MT;alive
F_E_4;491;29;MT;alive
F_E_4;492;30;MT;alive
F_E_4;493;27;MT;alive
F_E_4;494;26;MT;alive
F_E_4;495;31;MT;alive
F_E_4;496;28;MT;alive
F_E_4;497;21;MT;alive
F_E_4;498;20;MT;alive
F_E_4;499;29;ME;alive
F_E_4;500;22;MT;alive
F_E_4;501;25;MT;alive
F_E_4;502;22;MT;alive
F_E_4;503;22;MT;alive
F_E_4;504;24;ME;alive
F_E_4;505;21;MT;alive
F_E_4;506;27;MT;alive
F_E_4;507;29;MT;alive
F_E_4;508;29;MT;alive
40H1;509;32;MT;dead
40H1;510;31;ME;dead
40H1;511;28;ME;dead
40H1;512;26;MT;alive
40H1;513;33;ME;alive
40H1;514;32;ME;alive
40H1;515;33;ME;alive
40H1;516;34;ME;alive
40H1;517;29;ME;alive
40H1;518;35;ME;alive
40H1;519;29;ME;alive
40H1;520;35;ME;alive
40H1;521;29;ME;alive
40H1;522;30;MT;alive
40H1;523;31;ME;alive
40H1;524;27;ME;alive
40H1;525;31;ME;alive
40H1;526;27;ME;alive
40H1;527;28;MT;alive
40H1;528;41;ME;alive
40H1;529;30;ME;alive
40H1;530;33;ME;alive
80_E_3;531;38;ME;dead
80_E_3;532;NA;ME;dead
80_E_3;533;NA;MT;dead
80_E_3;534;34;MT;alive
80_E_3;535;29;ME;alive
80_E_3;536;33;ME;alive
80_E_3;537;34;ME;alive
80_E_3;538;31;ME;alive
80_E_3;539;35;ME;alive
80_E_3;540;29;ME;alive
80_E_3;541;25;MT;alive
80_E_3;542;32;ME;alive
80_E_3;543;35;ME;alive
80_E_3;544;30;ME;alive
80_E_3;545;28;ME;alive
80_E_3;546;32;ME;alive
80_E_3;547;29;ME;alive
80_E_3;548;24;ME;alive
80_E_3;549;24;MT;alive
80_E_3;550;34;ME;alive
K1;551;30;MT;dead
K1;552;29;MT;dead
K1;553;29;MT;dead
K1;554;32;MT;dead
K1;555;26;MT;dead
K1;556;24;MT;dead
K1;557;24;MT;dead
K1;558;26;MT;dead
K1;559;28;MT;dead
K1;560;22;MT;dead
K1;561;29;MT;dead
K1;562;NA;MT;dead
K1;563;29;MT;dead
K1;564;33;MT;dead
K1;565;23;MT;dead
K1;566;21;MT;dead
K1;567;26;MT;dead
K1;568;26;MT;dead
K1;569;21;MT;dead
K1;570;NA;MT;dead
K1;571;NA;MT;dead
K1;572;NA;MT;dead
K1;573;NA;MT;dead
K1;574;NA;MT;dead
K1;575;NA;MT;dead
K1;576;33;MT;alive
K1;577;32;MT;alive
K1;578;25;ME;alive
K1;579;19;MT;alive
K1;580;33;ME;alive
K1;581;24;ME;alive
K1;582;23;MT;alive
K1;583;23;MT;alive
K1;584;23;MT;alive
K1;585;23;MT;alive
K1;586;29;ME;alive
K1;587;23;MT;alive
K1;588;27;ME;alive
K1;589;24;MT;alive
K1;590;21;MT;alive
K1;591;28;MT;alive
K1;592;31;MT;alive
K1;593;23;MT;alive
K1;594;21;MT;alive
K1;595;24;MT;alive
K1;596;25;MT;alive
K1;597;27;ME;alive
K1;598;20;MT;alive
K1;599;23;MT;alive
K1;600;20;MT;alive
K1;601;20;MT;alive
K1;602;30;MT;alive
K1;603;21;MT;alive
K1;604;32;MT;alive
K1;605;35;ME;alive
K1;606;23;MT;alive
K1;607;27;MT;alive
K1;608;28;ME;alive
K1;609;24;MT;alive
K1;610;35;MT;alive
K1;611;36;ME;alive
K1;612;29;MT;alive
K1;613;29;MT;alive
K1;614;29;ME;alive
K1;615;21;MT;alive
K1;616;28;MT;alive
K1;617;26;ME;alive
K1;618;28;ME;alive
K1;619;24;MT;alive
K1;620;26;ME;alive
K1;621;23;ME;alive
K1;622;29;ME;alive
K1;623;30;ME;alive
K1;624;32;MT;alive
K1;625;23;MT;alive
K1;626;21;MT;alive
K1;627;26;MT;alive
K1;628;31;ME;alive
K1;629;20;MT;alive
K1;630;22;MT;alive
K1;631;29;MT;alive
K1;632;23;MT;alive
K1;633;22;MT;alive
K1;634;25;MT;alive
K1;635;26;MT;alive
K1;636;29;MT;alive
K1;637;19;MT;alive
K1;638;27;ME;alive
K1;639;28;ME;alive
K1;640;27;ME;alive
K1;641;27;MT;alive
K1;642;22;MT;alive
K1;643;28;MT;alive
K1;644;26;MT;alive
K1;645;28;MT;alive
K1;646;22;MT;alive
K1;647;25;ME;alive
K1;648;34;ME;alive
K1;649;33;ME;alive
K1;650;23;MT;alive
K1;651;21;MT;alive
K1;652;25;MT;alive
K1;653;21;MT;alive
K1;654;26;MT;alive
K1;655;22;MT;alive
K1;656;29;MT;alive
K1;657;23;MT;alive
K1;658;24;ME;alive
K1;659;20;MT;alive
K1;660;28;MT;alive
K1;661;21;MT;alive
K1;662;19;MT;alive
K1;663;27;MT;alive
K1;664;23;MT;alive
K1;665;23;MT;alive
K1;666;27;MT;alive
K1;667;20;MT;alive
K1;668;26;MT;alive
K1;669;21;MT;alive
K1;670;23;MT;alive
K1;671;27;MT;alive
K1;672;22;MT;alive
F_E_2;673;31;ME;dead
F_E_2;674;20;MT;dead
F_E_2;675;23;MT;dead
F_E_2;676;22;MT;dead
F_E_2;677;NA;MT;dead
F_E_2;678;NA;MT;dead
F_E_2;679;26;MT;alive
F_E_2;680;25;ME;alive
F_E_2;681;38;ME;alive
F_E_2;682;26;ME;alive
F_E_2;683;28;ME;alive
F_E_2;684;35;ME;alive
F_E_2;685;31;ME;alive
F_E_2;686;30;ME;alive
F_E_2;687;34;ME;alive
F_E_2;688;23;MT;alive
F_E_2;689;27;MT;alive
F_E_2;690;33;MT;alive
F_E_2;691;27;MT;alive
F_E_2;692;29;ME;alive
F_E_2;693;27;ME;alive
F_E_2;694;25;MT;alive
F_E_2;695;35;ME;alive
F_E_2;696;32;ME;alive
F_E_2;697;28;ME;alive
F_E_2;698;28;MT;alive
F_E_2;699;26;MT;alive
F_E_2;700;27;MT;alive
F_E_2;701;27;MT;alive
F_E_2;702;24;MT;alive
F_E_2;703;28;ME;alive
F_E_2;704;26;ME;alive
F_E_2;705;30;MT;alive
F_E_2;706;31;MT;alive
F_E_2;707;25;ME;alive
F_E_2;708;26;ME;alive
F_E_2;709;30;ME;alive
F_E_2;710;34;ME;alive
F_E_2;711;29;MT;alive
F_E_2;712;24;MT;alive
F_E_2;713;29;MT;alive
F_E_2;714;25;ME;alive
F_E_2;715;29;MT;alive
F_E_2;716;38;MT;alive
F_E_2;717;22;MT;alive
F_E_2;718;24;MT;alive
F_E_2;719;28;ME;alive
F_E_2;720;27;ME;alive
F_E_2;721;29;ME;alive
F_E_2;722;20;MT;alive
F_E_2;723;33;MT;alive
F_E_2;724;31;ME;alive
F_E_2;725;33;ME;alive
F_E_2;726;29;ME;alive
F_E_2;727;26;ME;alive
F_E_2;728;32;ME;alive
F_E_2;729;27;ME;alive
F_E_2;730;20;MT;alive
F_E_2;731;20;MT;alive
K10;732;18;MT;dead
K10;733;22;MT;dead
K10;734;20;MT;dead
K10;735;23;MT;dead
K10;736;21;MT;dead
K10;737;21;MT;dead
K10;738;23;MT;dead
K10;739;24;MT;dead
K10;740;29;MT;dead
K10;741;23;MT;dead
K10;742;22;MT;dead
K10;743;24;MT;dead
K10;744;22;MT;dead
K10;745;19;MT;dead
K10;746;28;MT;dead
K10;747;35;MT;dead
K10;748;23;MT;dead
K10;749;20;MT;dead
K10;750;20;MT;dead
K10;751;21;MT;dead
K10;752;21;MT;dead
K10;753;NA;MT;dead
K10;754;NA;MT;dead
K10;755;NA;MT;dead
K10;756;NA;MT;dead
K10;757;NA;MT;dead
K10;758;NA;MT;dead
K10;759;NA;MT;dead
K10;760;NA;MT;dead
K10;761;NA;MT;dead
K10;762;NA;MT;dead
K10;763;NA;MT;dead
K10;764;NA;MT;dead
K10;765;NA;MT;dead
K10;766;NA;MT;dead
K10;767;NA;MT;dead
K10;768;NA;MT;dead
K10;769;24;MT;alive
K10;770;28;MT;alive
K10;771;21;MT;alive
K10;772;21;MT;alive
K10;773;20;MT;alive
K10;774;22;MT;alive
K10;775;21;MT;alive
K10;776;NA;MT;alive
K10;777;24;MT;alive
K10;778;24;MT;alive
K10;779;22;MT;alive
K10;780;22;MT;alive
K10;781;23;MT;alive
K10;782;22;MT;alive
K10;783;23;MT;alive
K10;784;23;MT;alive
K10;785;23;MT;alive
K10;786;21;MT;alive
K10;787;28;MT;alive
K10;788;28;MT;alive
K10;789;26;MT;alive
K10;790;26;MT;alive
K10;791;29;MT;alive
K10;792;25;MT;alive
K10;793;20;MT;alive
K10;794;24;MT;alive
K10;795;24;MT;alive
K10;796;22;MT;alive
K10;797;29;MT;alive
K10;798;27;MT;alive
K10;799;30;MT;alive
K10;800;24;MT;alive
K10;801;29;MT;alive
K10;802;26;MT;alive
K10;803;32;MT;alive
K10;804;27;MT;alive
K10;805;32;MT;alive
K10;806;20;MT;alive
K10;807;24;MT;alive
K10;808;24;MT;alive
K10;809;21;MT;alive
K10;810;20;MT;alive
K10;811;24;MT;alive
K10;812;30;MT;alive
K10;813;24;MT;alive
K10;814;26;MT;alive
K10;815;21;MT;alive
K10;816;23;MT;alive
K10;817;23;MT;alive
K10;818;24;MT;alive
K10;819;22;MT;alive
K10;820;21;MT;alive
K10;821;29;MT;alive
K10;822;21;MT;alive
K10;823;22;MT;alive
K10;824;30;MT;alive
K10;825;25;MT;alive
K10;826;21;MT;alive
K10;827;23;MT;alive
K10;828;24;MT;alive
K10;829;NA;MT;alive
K4;830;27;ME;dead
K4;831;24;ME;dead
K4;832;27;ME;dead
K4;833;26;ME;dead
K4;834;26;ME;dead
K4;835;34;MT;dead
K4;836;28;MT;dead
K4;837;30;MT;dead
K4;838;22;MT;dead
K4;839;27;MT;dead
K4;840;NA;MT;dead
K4;841;31;ME;alive
K4;842;30;ME;alive
K4;843;35;ME;alive
K4;844;33;ME;alive
K4;845;31;ME;alive
K4;846;34;ME;alive
K4;847;24;ME;alive
K4;848;31;ME;alive
K4;849;34;ME;alive
K4;850;38;ME;alive
K4;851;25;MT;alive
K4;852;30;ME;alive
K4;853;29;ME;alive
K4;854;37;ME;alive
K4;855;39;ME;alive
K4;856;23;MT;alive
K4;857;35;ME;alive
K4;858;30;ME;alive
K4;859;26;MT;alive
K4;860;31;ME;alive
K4;861;23;ME;alive
K4;862;30;ME;alive
K4;863;29;ME;alive
K4;864;34;ME;alive
K4;865;31;ME;alive
K4;866;34;ME;alive
K4;867;35;ME;alive
K4;868;24;ME;alive
K4;869;33;ME;alive
K4;870;36;ME;alive
K4;871;32;ME;alive
K4;872;29;ME;alive
K4;873;25;ME;alive
K4;874;21;MT;alive
K4;875;28;ME;alive
K4;876;25;ME;alive
K4;877;34;MT;alive
K4;878;40;ME;alive
K4;879;33;ME;alive
K4;880;31;ME;alive
K4;881;26;ME;alive
K4;882;34;ME;alive
K4;883;23;MT;alive
K4;884;25;ME;alive
K4;885;27;ME;alive
K4;886;31;ME;alive
K4;887;34;ME;alive
K4;888;31;ME;alive
FT1;889;NA;MT;dead
FT1;890;32;ME;alive
FT1;891;36;MT;alive
FT1;892;27;MT;alive
FT1;893;33;ME;alive
FT1;894;34;ME;alive
FT1;895;25;ME;alive
FT1;896;25;ME;alive
FT1;897;31;ME;alive
FT1;898;32;ME;alive
FT1;899;29;ME;alive
FT1;900;31;ME;alive
FT1;901;27;MT;alive
FT1;902;35;ME;alive
FT1;903;32;ME;alive
FT1;904;32;ME;alive
FT1;905;30;ME;alive
FT1;906;33;ME;alive
FT1;907;33;ME;alive
FT1;908;37;MT;alive
FT3;909;31;MT;dead
FT3;910;25;MT;dead
FT3;911;24;MT;dead
FT3;912;27;MT;dead
FT3;913;20;MT;dead
FT3;914;23;MT;dead
FT3;915;20;MT;dead
FT3;916;NA;MT;dead
FT3;917;37;ME;dead
FT3;918;28;ME;dead
FT3;919;34;ME;dead
FT3;920;30;ME;dead
FT3;921;21;ME;dead
FT3;922;28;ME;dead
FT3;923;24;ME;alive
FT3;924;35;ME;alive
FT3;925;28;ME;alive
FT3;926;31;ME;alive
FT3;927;33;ME;alive
FT3;928;32;ME;alive
FT3;929;29;ME;alive
FT3;930;21;ME;alive
FT3;931;24;ME;alive
FT3;932;28;ME;alive
FT3;933;31;ME;alive
FT3;934;32;ME;alive
FT3;935;32;ME;alive
FT3;936;29;ME;alive
FT3;937;29;ME;alive
FT3;938;23;ME;alive
FT3;939;24;ME;alive
FT3;940;34;ME;alive
FT3;941;21;ME;alive
FT3;942;28;MT;alive
FT3;943;25;ME;alive
FT3;944;35;MT;alive
FT3;945;35;MT;alive
FT3;946;30;ME;alive
FT3;947;36;ME;alive
FT3;948;30;ME;alive
FT3;949;22;ME;alive
FT3;950;24;ME;alive
FT3;951;31;ME;alive
FT3;952;28;ME;alive
FT3;953;27;ME;alive
FT3;954;29;ME;alive
FT3;955;26;ME;alive
FT3;956;30;ME;alive
FT3;957;21;ME;alive
FT3;958;23;ME;alive
FT3;959;34;ME;alive
FT3;960;21;MT;alive
FT3;961;28;ME;alive
FT3;962;30;MT;alive
FT3;963;27;ME;alive
FT3;964;25;ME;alive
FT3;965;27;ME;alive
FT3;966;25;ME;alive
FT3;967;23;MT;alive
FT3;968;25;ME;alive
FT3;969;34;ME;alive
FT3;970;27;ME;alive
FT3;971;31;ME;alive
FT3;972;31;ME;alive
FT3;973;23;MT;alive
FT3;974;21;MT;alive
FT3;975;30;ME;alive
FT3;976;25;ME;alive
FT3;977;36;ME;alive
FT3;978;27;ME;alive
FT3;979;28;ME;alive
FT3;980;26;ME;alive
FT3;981;28;ME;alive
FT3;982;32;ME;alive
FT3;983;33;ME;alive
FT3;984;25;ME;alive
FT3;985;30;ME;alive
FT3;986;24;MT;alive
FT3;987;20;MT;alive
FT3;988;30;ME;alive
FT3;989;27;ME;alive
FT3;990;31;ME;alive
FT3;991;23;ME;alive
FT3;992;22;ME;alive
FT3;993;32;ME;alive
FT3;994;23;ME;alive
FT3;995;29;ME;alive
FT3;996;31;ME;alive
FT3;997;34;ME;alive
FT3;998;31;ME;alive
FT3;999;32;ME;alive
FT3;1000;24;ME;alive
FT3;1001;29;ME;alive
FT3;1002;26;ME;alive
FT3;1003;20;ME;alive
FT3;1004;29;ME;alive
FT3;1005;24;ME;alive
FT3;1006;33;ME;alive
FT3;1007;35;ME;alive
FT3;1008;25;ME;alive
FT3;1009;25;ME;alive
FT3;1010;27;MT;alive
FT3;1011;35;MT;alive
FT3;1012;24;ME;alive
FT3;1013;24;MT;alive
FT3;1014;32;ME;alive
FT3;1015;29;ME;alive
FT3;1016;26;ME;alive
FT3;1017;25;ME;alive
FT3;1018;21;MT;alive
FT3;1019;30;ME;alive
FT3;1020;31;ME;alive
FT3;1021;23;ME;alive
FT3;1022;25;ME;alive
FT3;1023;28;ME;alive
FT3;1024;28;ME;alive
FT3;1025;27;ME;alive
FT3;1026;23;MT;alive
FT3;1027;25;ME;alive
FT3;1028;23;MT;alive
FT3;1029;20;ME;alive
FT3;1030;26;MT;alive
FT3;1031;29;ME;alive
FT3;1032;20;ME;alive
40_E_2;1033;34;MT;dead
40_E_2;1034;21;MT;dead
40_E_2;1035;25;MT;dead
40_E_2;1036;34;ME;dead
40_E_2;1037;24;ME;dead
40_E_2;1038;25;ME;dead
40_E_2;1039;32;ME;dead
40_E_2;1040;34;MT;alive
40_E_2;1041;28;ME;alive
40_E_2;1042;27;ME;alive
40_E_2;1043;20;ME;alive
40_E_2;1044;25;ME;alive
40_E_2;1045;32;ME;alive
40_E_2;1046;26;ME;alive
40_E_2;1047;29;ME;alive
40_E_2;1048;32;ME;alive
40_E_2;1049;34;MT;alive
40_E_2;1050;28;ME;alive
40_E_2;1051;29;ME;alive
40_E_2;1052;27;MT;alive
40_E_2;1053;27;ME;alive
40_E_2;1054;35;ME;alive
40_E_2;1055;29;ME;alive
40_E_2;1056;25;MT;alive
40_E_2;1057;26;ME;alive
40_E_2;1058;25;ME;alive
40_E_2;1059;24;ME;alive
40_E_2;1060;28;ME;alive
40_E_2;1061;25;ME;alive
40_E_2;1062;35;ME;alive
40_E_2;1063;27;ME;alive
40_E_2;1064;29;ME;alive
40_E_2;1065;37;ME;alive
40_E_2;1066;25;ME;alive
40_E_2;1067;30;ME;alive
40_E_2;1068;22;MT;alive
40_E_2;1069;26;ME;alive
40_E_2;1070;32;ME;alive
40_E_2;1071;36;ME;alive
40_E_2;1072;26;ME;alive
40_E_2;1073;28;ME;alive
40_E_2;1074;25;MT;alive
40_E_2;1075;29;ME;alive
40_E_2;1076;33;ME;alive
40_E_2;1077;25;ME;alive
40_E_2;1078;25;ME;alive
40_E_2;1079;23;ME;alive
40_E_2;1080;26;MT;alive
40_E_2;1081;29;ME;alive
40_E_2;1082;26;ME;alive
40_E_2;1083;36;ME;alive
40_E_2;1084;28;ME;alive
40_E_2;1085;23;MT;alive
40_E_2;1086;27;ME;alive
40_E_2;1087;27;ME;alive
40_E_2;1088;24;ME;alive
40_E_2;1089;32;ME;alive
40_E_2;1090;30;ME;alive
K2;1091;35;MT;alive
K2;1092;30;MT;alive
K2;1093;23;MT;alive
K2;1094;35;MT;alive
K2;1095;29;MT;alive
K2;1096;27;MT;alive
K2;1097;41;ME;alive
K2;1098;31;ME;alive
K2;1099;28;ME;alive
K2;1100;31;ME;alive
K2;1101;30;ME;alive
K2;1102;31;ME;alive
K2;1103;38;ME;alive
K2;1104;28;ME;alive
K2;1105;32;MT;alive
K2;1106;25;MT;alive
K2;1107;30;ME;alive
K2;1108;30;MT;alive
K2;1109;27;ME;alive
K2;1110;32;MT;alive
FH1;1111;30;MT;dead
FH1;1112;22;MT;dead
FH1;1113;28;MT;dead
FH1;1114;24;MT;dead
FH1;1115;28;MT;dead
FH1;1116;30;MT;dead
FH1;1117;34;ME;alive
FH1;1118;40;MT;alive
FH1;1119;33;ME;alive
FH1;1120;29;MT;alive
FH1;1121;25;MT;alive
FH1;1122;37;MT;alive
FH1;1123;30;ME;alive
FH1;1124;25;MT;alive
FH1;1125;27;MT;alive
FH1;1126;30;ME;alive
FH1;1127;21;MT;alive
FH1;1128;26;MT;alive
FH1;1129;32;MT;alive
FH1;1130;22;MT;alive
FT4;1131;24;MT;dead
FT4;1132;23;MT;dead
FT4;1133;29;MT;dead
FT4;1134;21;MT;dead
FT4;1135;31;MT;alive
FT4;1136;31;MT;alive
FT4;1137;29;ME;alive
FT4;1138;25;ME;alive
FT4;1139;23;MT;alive
FT4;1140;29;ME;alive
FT4;1141;32;MT;alive
FT4;1142;24;MT;alive
FT4;1143;26;ME;alive
FT4;1144;35;MT;alive
FT4;1145;24;MT;alive
FT4;1146;28;MT;alive
FT4;1147;33;MT;alive
FT4;1148;30;MT;alive
FT4;1149;25;MT;alive
FT4;1150;34;MT;alive
FT4;1151;32;MT;alive
FT4;1152;25;MT;alive
FT4;1153;NA;MT;alive
80_E_2;1154;26;MT;dead
80_E_2;1155;31;ME;dead
80_E_2;1156;28;MT;alive
80_E_2;1157;30;ME;alive
80_E_2;1158;29;ME;alive
80_E_2;1159;28;ME;alive
80_E_2;1160;36;ME;alive
80_E_2;1161;26;ME;alive
80_E_2;1162;23;MT;alive
80_E_2;1163;26;MT;alive
80_E_2;1164;20;MT;alive
80_E_2;1165;23;MT;alive
80_E_2;1166;34;ME;alive
80_E_2;1167;29;MT;alive
80_E_2;1168;21;MT;alive
80_E_2;1169;27;ME;alive
80_E_2;1170;27;ME;alive
80_E_2;1171;25;MT;alive
80_E_2;1172;30;ME;alive
80_E_2;1173;29;MT;alive
80H1;1174;26;MT;dead
80H1;1175;24;MT;dead
80H1;1176;NA;MT;dead
80H1;1177;36;ME;alive
80H1;1178;23;MT;alive
80H1;1179;35;ME;alive
80H1;1180;29;MT;alive
80H1;1181;31;MT;alive
80H1;1182;28;MT;alive
80H1;1183;25;MT;alive
80H1;1184;21;MT;alive
80H1;1185;36;ME;alive
80H1;1186;35;MT;alive
80H1;1187;30;ME;alive
80H1;1188;25;MT;alive
80H1;1189;26;MT;alive
80H1;1190;26;MT;alive
80H1;1191;30;MT;alive
80H1;1192;34;MT;alive
80H1;1193;23;MT;alive
40T1;1194;24;MT;dead
40T1;1195;30;MT;dead
40T1;1196;20;MT;dead
40T1;1197;NA;MT;dead
40T1;1198;NA;MT;dead
40T1;1199;28;ME;alive
40T1;1200;32;MT;alive
40T1;1201;33;ME;alive
40T1;1202;30;ME;alive
40T1;1203;30;MT;alive
40T1;1204;26;MT;alive
40T1;1205;28;MT;alive
40T1;1206;33;ME;alive
40T1;1207;36;ME;alive
40T1;1208;32;ME;alive
40T1;1209;28;MT;alive
40T1;1210;24;MT;alive
40T1;1211;26;ME;alive
40T1;1212;30;ME;alive
40T1;1213;26;ME;alive
40T1;1214;25;MT;alive
40T1;1215;26;ME;alive
40T1;1216;30;MT;alive
40T1;1217;25;ME;alive
40T1;1218;28;MT;alive
40T1;1219;25;MT;alive
40T1;1220;31;ME;alive
40T1;1221;25;MT;alive
40T1;1222;31;ME;alive
40T1;1223;25;MT;alive
40T1;1224;21;MT;alive
40T1;1225;38;MT;alive
40T1;1226;24;MT;alive
40T1;1227;22;ME;alive
40T1;1228;22;ME;alive
40T1;1229;24;ME;alive
40T1;1230;39;MT;alive
40T1;1231;29;ME;alive
40T1;1232;33;ME;alive
40T1;1233;32;ME;alive
40T1;1234;30;ME;alive
40T1;1235;31;MT;alive
40T1;1236;28;ME;alive
40T1;1237;39;ME;alive
40T1;1238;23;MT;alive
40T1;1239;29;ME;alive
40T1;1240;30;ME;alive
40T1;1241;28;ME;alive
40T1;1242;32;ME;alive
40T1;1243;27;MT;alive
40T1;1244;23;MT;alive
40T1;1245;26;MT;alive
40T1;1246;20;MT;alive
40T1;1247;30;ME;alive
40T1;1248;35;MT;alive
40T1;1249;30;ME;alive
40T1;1250;34;ME;alive
40T1;1251;24;MT;alive
FH4;1252;31;MT;dead
FH4;1253;NA;MT;dead
FH4;1254;NA;MT;dead
FH4;1255;30;ME;dead
FH4;1256;32;ME;dead
FH4;1257;24;MT;alive
FH4;1258;28;ME;alive
FH4;1259;35;MT;alive
FH4;1260;21;MT;alive
FH4;1261;33;ME;alive
FH4;1262;28;ME;alive
FH4;1263;32;MT;alive
FH4;1264;22;MT;alive
FH4;1265;29;ME;alive
FH4;1266;27;ME;alive
FH4;1267;35;ME;alive
FH4;1268;25;MT;alive
FH4;1269;27;ME;alive
FH4;1270;36;ME;alive
FH4;1271;27;ME;alive
FH4;1272;29;ME;alive
FH4;1273;29;ME;alive
FH4;1274;29;MT;alive
FH4;1275;24;ME;alive
FH4;1276;28;MT;alive
FH4;1277;26;MT;alive
FH4;1278;24;MT;alive
FH4;1279;24;MT;alive
FH4;1280;22;MT;alive
FH4;1281;27;MT;alive
FH4;1282;27;MT;alive
FH4;1283;32;ME;alive
FH4;1284;32;ME;alive
FH4;1285;35;MT;alive
FH4;1286;30;MT;alive
FH4;1287;26;ME;alive
FH4;1288;31;MT;alive
FH4;1289;24;ME;alive
FH4;1290;27;MT;alive
FH4;1291;23;ME;alive
FH4;1292;35;MT;alive
FH4;1293;20;MT;alive
FH4;1294;26;MT;alive
FH4;1295;27;ME;alive
FH4;1296;24;ME;alive
FH4;1297;31;MT;alive
FH4;1298;24;ME;alive
FH4;1299;28;ME;alive
FH4;1300;33;ME;alive
FH4;1301;29;ME;alive
FH4;1302;21;MT;alive
FH4;1303;27;MT;alive
FH4;1304;23;MT;alive
FH4;1305;24;MT;alive
FH4;1306;36;ME;alive
FH4;1307;29;ME;alive
FH4;1308;26;ME;alive
FH4;1309;25;ME;alive
FH4;1310;30;MT;alive
FH4;1311;24;MT;alive
80T4;1312;28;ME;dead
80T4;1313;36;MT;dead
80T4;1314;25;MT;dead
80T4;1315;26;MT;dead
80T4;1316;26;MT;dead
80T4;1317;33;MT;dead
80T4;1318;27;MT;dead
80T4;1319;26;MT;dead
80T4;1320;20;MT;dead
80T4;1321;22;MT;dead
80T4;1322;26;MT;dead
80T4;1323;21;MT;dead
80T4;1324;27;MT;dead
80T4;1325;21;MT;dead
80T4;1326;22;MT;dead
80T4;1327;34;MT;dead
80T4;1328;20;MT;dead
80T4;1329;31;MT;dead
80T4;1330;23;MT;dead
80T4;1331;28;MT;dead
80T4;1332;NA;MT;dead
80T4;1333;NA;MT;dead
80T4;1334;NA;MT;dead
80T4;1335;NA;MT;dead
80T4;1336;NA;MT;dead
80T4;1337;NA;MT;dead
80T4;1338;NA;MT;dead
80T4;1339;NA;MT;dead
80T4;1340;NA;MT;dead
80T4;1341;NA;MT;dead
80T4;1342;NA;MT;dead
80T4;1343;24;ME;alive
80T4;1344;23;ME;alive
80T4;1345;32;MT;alive
80T4;1346;21;MT;alive
80T4;1347;21;MT;alive
80T4;1348;22;MT;alive
80T4;1349;28;MT;alive
80T4;1350;NA;ME;alive
80T4;1351;29;ME;alive
80T4;1352;27;MT;alive
80T4;1353;34;MT;alive
80T4;1354;33;MT;alive
80T4;1355;30;MT;alive
80T4;1356;23;MT;alive
80T4;1357;24;MT;alive
80T4;1358;21;MT;alive
80T4;1359;32;ME;alive
80T4;1360;26;ME;alive
80T4;1361;25;ME;alive
80T4;1362;41;MT;alive
80T4;1363;31;MT;alive
80T4;1364;22;MT;alive
80T4;1365;24;MT;alive
80T4;1366;33;MT;alive
80T4;1367;28;ME;alive
80T4;1368;30;ME;alive
80T4;1369;21;MT;alive
80T4;1370;22;MT;alive
80T4;1371;30;MT;alive
80T4;1372;26;MT;alive
80T4;1373;21;MT;alive
80T4;1374;21;MT;alive
80T4;1375;23;MT;alive
80T4;1376;22;MT;alive
80T4;1377;35;MT;alive
80T4;1378;26;MT;alive
80T4;1379;23;MT;alive
80T4;1380;30;ME;alive
80T4;1381;26;ME;alive
80T4;1382;32;MT;alive
80T4;1383;21;MT;alive
80T4;1384;27;MT;alive
80T4;1385;27;MT;alive
80T4;1386;31;MT;alive
80T4;1387;22;MT;alive
80T4;1388;29;ME;alive
80T4;1389;24;ME;alive
80T4;1390;37;MT;alive
80T4;1391;27;MT;alive
80T4;1392;24;MT;alive
80T4;1393;28;MT;alive
80T4;1394;22;MT;alive
80T4;1395;27;MT;alive
80T4;1396;27;MT;alive
80T4;1397;25;MT;alive
80T4;1398;32;MT;alive
80T4;1399;23;ME;alive
80T4;1400;24;ME;alive
80T4;1401;27;ME;alive
80T4;1402;26;MT;alive
80T4;1403;22;MT;alive
80T4;1404;26;MT;alive
80T4;1405;31;ME;alive
80T4;1406;27;MT;alive
80T4;1407;33;ME;alive
80T4;1408;24;ME;alive
80T4;1409;24;ME;alive
80T4;1410;30;MT;alive
80T4;1411;33;MT;alive
80T4;1412;24;MT;alive
80T4;1413;24;MT;alive
80T4;1414;22;MT;alive
80T4;1415;24;MT;alive
80T4;1416;24;MT;alive
80T4;1417;21;MT;alive
80T4;1418;24;MT;alive
80T4;1419;24;MT;alive
80T4;1420;24;MT;alive
80T4;1421;24;MT;alive
80T4;1422;27;ME;alive
80T4;1423;25;MT;alive
80T4;1424;26;MT;alive
80T4;1425;23;MT;alive
80T3;1426;29;MT;dead
80T3;1427;22;MT;dead
80T3;1428;25;MT;dead
80T3;1429;31;MT;dead
80T3;1430;23;ME;dead
80T3;1431;29;ME;dead
80T3;1432;26;ME;dead
80T3;1433;19;ME;dead
80T3;1434;29;ME;alive
80T3;1435;28;ME;alive
80T3;1436;23;MT;alive
80T3;1437;26;MT;alive
80T3;1438;32;ME;alive
80T3;1439;26;ME;alive
80T3;1440;29;MT;alive
80T3;1441;24;ME;alive
80T3;1442;25;ME;alive
80T3;1443;30;MT;alive
80T3;1444;27;ME;alive
80T3;1445;26;MT;alive
80T3;1446;23;ME;alive
80T3;1447;29;ME;alive
80T3;1448;30;ME;alive
80T3;1449;30;ME;alive
80T3;1450;30;ME;alive
80T3;1451;28;ME;alive
80T3;1452;26;ME;alive
80T3;1453;29;ME;alive
80T3;1454;31;ME;alive
80T3;1455;34;ME;alive
80T3;1456;33;ME;alive
80T3;1457;22;ME;alive
80T3;1458;23;ME;alive
80T3;1459;24;MT;alive
80T3;1460;22;MT;alive
80T3;1461;24;ME;alive
80T3;1462;29;ME;alive
80T3;1463;26;ME;alive
80T3;1464;28;ME;alive
80T3;1465;29;ME;alive
80T3;1466;28;MT;alive
80T3;1467;39;ME;alive
80T3;1468;25;ME;alive
80T3;1469;23;ME;alive
80T3;1470;20;MT;alive
80T3;1471;24;ME;alive
80T3;1472;23;ME;alive
80T3;1473;23;ME;alive
80T3;1474;24;ME;alive
80T3;1475;33;ME;alive
80T3;1476;28;ME;alive
80T3;1477;28;ME;alive
80T3;1478;27;ME;alive
80T3;1479;29;MT;alive
80T3;1480;28;ME;alive
80T3;1481;27;MT;alive
80T3;1482;29;ME;alive
80T3;1483;18;ME;alive
80T3;1484;24;ME;alive
80T3;1485;36;ME;alive
80T3;1486;29;ME;alive
80T3;1487;30;ME;alive
80T3;1488;24;ME;alive
80T3;1489;29;ME;alive
80T3;1490;27;ME;alive
80T3;1491;23;ME;alive
80T3;1492;24;ME;alive
80T3;1493;23;ME;alive
80T3;1494;25;ME;alive
80T3;1495;35;ME;alive
80T3;1496;26;ME;alive
80T3;1497;27;ME;alive
80T3;1498;26;ME;alive
80T3;1499;36;ME;alive
80T3;1500;29;ME;alive
80T3;1501;35;ME;alive
80T3;1502;32;ME;alive
80T3;1503;36;ME;alive
80T3;1504;26;ME;alive
80T3;1505;26;ME;alive
80T3;1506;33;ME;alive
80T3;1507;23;ME;alive
80T3;1508;28;ME;alive
80T3;1509;28;ME;alive
80T3;1510;20;MT;alive
80T3;1511;27;ME;alive
80T3;1512;26;ME;alive
80T3;1513;28;ME;alive
80T3;1514;19;ME;alive
80T3;1515;29;ME;alive
80T3;1516;24;ME;alive
80T3;1517;32;MT;alive
80T3;1518;26;ME;alive
80T3;1519;26;ME;alive
80T3;1520;28;ME;alive
80T3;1521;23;ME;alive
80T3;1522;29;ME;alive
80T3;1523;23;ME;alive
80T3;1524;21;ME;alive
80T3;1525;31;ME;alive
80T3;1526;22;ME;alive
80T3;1527;32;ME;alive
80T3;1528;22;MT;alive
80T3;1529;29;ME;alive
80T3;1530;22;MT;alive
80T3;1531;24;ME;alive
80T3;1532;33;ME;alive
80T3;1533;28;ME;alive
80T3;1534;40;MT;alive
80T3;1535;25;ME;alive
80T3;1536;28;MT;alive
80T3;1537;26;ME;alive
80T3;1538;27;ME;alive
80T3;1539;21;MT;alive
80T3;1540;22;MT;alive
80T3;1541;29;ME;alive
80T3;1542;25;MT;alive
80T3;1543;24;ME;alive
80T3;1544;30;ME;alive
80T3;1545;21;ME;alive
80T3;1546;26;MT;alive
80T3;1547;28;MT;alive
80T3;1548;23;ME;alive
40H3;1549;24;MT;alive
40H3;1550;26;ME;alive
40H3;1551;21;MT;alive
40H3;1552;28;MT;alive
40H3;1553;22;ME;alive
40H3;1554;32;ME;alive
40H3;1555;27;ME;alive
40H3;1556;31;ME;alive
40H3;1557;33;MT;alive
40H3;1558;26;MT;alive
40H3;1559;34;ME;alive
40H3;1560;27;MT;alive
40H3;1561;26;ME;alive
40H3;1562;24;MT;alive
40H3;1563;20;MT;alive
40H3;1564;26;ME;alive
40H3;1565;37;ME;alive
40H3;1566;34;ME;alive
40H3;1567;31;ME;alive
40H3;1568;24;ME;alive
40H3;1569;21;ME;alive
40H3;1570;27;ME;alive
40H3;1571;32;ME;alive
40H3;1572;26;ME;alive
40H3;1573;36;ME;alive
40H3;1574;30;MT;alive
40H3;1575;22;MT;alive
40H3;1576;25;MT;alive
40H3;1577;25;MT;alive
40H3;1578;19;MT;alive
40H3;1579;25;ME;alive
40H3;1580;31;ME;alive
40H3;1581;33;MT;alive
40H3;1582;36;ME;alive
40H3;1583;38;ME;alive
40H3;1584;26;MT;alive
40H3;1585;27;ME;alive
40H3;1586;32;ME;alive
40H3;1587;33;MT;alive
40H3;1588;36;MT;alive
40H3;1589;23;MT;alive
40H3;1590;29;ME;alive
40H3;1591;34;MT;alive
40H3;1592;27;ME;alive
40H3;1593;23;MT;alive
40H3;1594;30;ME;alive
40H3;1595;30;ME;alive
40H3;1596;30;MT;alive
40H3;1597;27;ME;alive
40H3;1598;28;ME;alive
40H3;1599;27;ME;alive
40H3;1600;23;ME;alive
40H3;1601;26;ME;alive
40H3;1602;21;MT;alive
40H3;1603;32;MT;alive
40H3;1604;22;ME;alive
40H3;1605;29;ME;alive
40H3;1606;24;ME;alive
40H3;1607;28;ME;alive
40H3;1608;28;ME;alive
40H3;1609;20;MT;alive
40H3;1610;27;MT;alive
40H3;1611;31;ME;alive
40H3;1612;29;MT;alive
40H3;1613;31;MT;alive
40H3;1614;32;ME;alive
40H3;1615;31;MT;alive
40H3;1616;31;MT;alive
40H3;1617;28;MT;alive
40H3;1618;31;ME;alive
40H3;1619;26;ME;alive
40H3;1620;31;ME;alive
40H3;1621;33;ME;alive
40H3;1622;30;MT;alive
40H3;1623;26;MT;alive
40H3;1624;23;MT;alive
40H3;1625;28;MT;alive
40H3;1626;33;ME;alive
40H3;1627;24;ME;alive
40H3;1628;35;ME;alive
40H3;1629;25;ME;alive
40H3;1630;21;MT;alive
40H3;1631;25;MT;alive
40H3;1632;26;ME;alive
40H3;1633;25;ME;alive
40H3;1634;24;MT;alive
40H3;1635;25;ME;alive
40H3;1636;30;ME;alive
40H3;1637;36;ME;alive
40H3;1638;21;MT;alive
40H3;1639;27;ME;alive
40H3;1640;27;ME;alive
40H3;1641;24;ME;alive
40H3;1642;25;ME;alive
40H3;1643;25;MT;alive
40H3;1644;31;ME;alive
40H3;1645;28;ME;alive
40H3;1646;29;ME;alive
40H3;1647;22;MT;alive
40H3;1648;25;MT;alive
40H3;1649;23;MT;alive
40H3;1650;21;MT;alive
40H3;1651;33;MT;dead
40H3;1652;35;MT;dead
40H3;1653;26;MT;dead
40H3;1654;27;MT;dead
40H3;1655;22;MT;dead
40H3;1656;26;MT;dead
40H3;1657;33;MT;dead
40H3;1658;24;MT;dead
40H3;1659;29;MT;dead
40H3;1660;24;MT;dead
40H3;1661;21;MT;dead
40H3;1662;30;MT;dead
40H3;1663;21;MT;dead
40H3;1664;22;MT;dead
40H3;1665;23;MT;dead
40H3;1666;23;MT;dead
40H3;1667;24;MT;dead
40H3;1668;26;MT;dead
40H3;1669;24;MT;dead
40H3;1670;22;MT;dead
40H3;1671;24;ME;dead
40H3;1672;31;ME;dead
40H3;1673;27;ME;dead
40H3;1674;19;ME;dead
40H3;1675;24;ME;dead
K20;1676;22;MT;dead
K20;1677;25;MT;dead
K20;1678;21;MT;dead
K20;1679;NA;MT;dead
K20;1680;NA;MT;dead
K20;1681;NA;MT;dead
K20;1682;30;ME;dead
K20;1683;31;ME;dead
K20;1684;25;ME;dead
K20;1685;31;ME;dead
K20;1686;24;ME;dead
K20;1687;24;ME;dead
K20;1688;32;ME;dead
K20;1689;33;MT;alive
K20;1690;23;MT;alive
K20;1691;23;MT;alive
K20;1692;21;ME;alive
K20;1693;25;MT;alive
K20;1694;25;ME;alive
K20;1695;27;MT;alive
K20;1696;37;ME;alive
K20;1697;26;MT;alive
K20;1698;22;ME;alive
K20;1699;34;MT;alive
K20;1700;36;ME;alive
K20;1701;36;ME;alive
K20;1702;21;MT;alive
K20;1703;25;MT;alive
K20;1704;28;MT;alive
K20;1705;26;ME;alive
K20;1706;23;MT;alive
K20;1707;33;ME;alive
K20;1708;28;ME;alive
K20;1709;28;ME;alive
K20;1710;25;MT;alive
K20;1711;32;MT;alive
K20;1712;30;MT;alive
K20;1713;29;ME;alive
K20;1714;30;ME;alive
K20;1715;31;ME;alive
K20;1716;25;MT;alive
K20;1717;22;MT;alive
K20;1718;26;MT;alive
K20;1719;22;MT;alive
K20;1720;27;MT;alive
K20;1721;23;MT;alive
K20;1722;20;MT;alive
K20;1723;25;MT;alive
K20;1724;20;MT;alive
K20;1725;29;ME;alive
K20;1726;26;ME;alive
K20;1727;22;MT;alive
K20;1728;29;ME;alive
K20;1729;30;ME;alive
K20;1730;22;MT;alive
K20;1731;23;MT;alive
K20;1732;24;ME;alive
K20;1733;25;MT;alive
K20;1734;29;MT;alive
K20;1735;34;ME;alive
K20;1736;31;ME;alive
K20;1737;24;ME;alive
K20;1738;23;ME;alive
K20;1739;20;MT;alive
K20;1740;24;MT;alive
K20;1741;22;ME;alive
K20;1742;21;ME;alive
K20;1743;32;ME;alive
K20;1744;22;MT;alive
K20;1745;30;ME;alive
K20;1746;26;ME;alive
K20;1747;22;MT;alive
K20;1748;27;ME;alive
K20;1749;28;ME;alive
K20;1750;22;MT;alive
K20;1751;36;ME;alive
K20;1752;25;ME;alive
K20;1753;23;MT;alive
K20;1754;NA;ME;alive
K20;1755;39;MT;alive
K20;1756;30;MT;alive
K20;1757;22;ME;alive
K20;1758;23;MT;alive
K20;1759;27;MT;alive
K20;1760;24;ME;alive
K20;1761;26;MT;alive
K20;1762;25;MT;alive
K20;1763;25;ME;alive
K20;1764;29;ME;alive
K20;1765;25;MT;alive
K20;1766;25;ME;alive
K20;1767;25;ME;alive
K20;1768;22;MT;alive
K20;1769;25;ME;alive
K20;1770;23;MT;alive
K20;1771;27;MT;alive
K20;1772;22;MT;alive
K20;1773;21;MT;alive
K20;1774;28;MT;alive
K20;1775;36;ME;alive
K20;1776;23;ME;alive
K20;1777;25;ME;alive
K20;1778;28;ME;alive
K20;1779;23;ME;alive
K20;1780;25;ME;alive
K20;1781;26;ME;alive
K20;1782;22;MT;alive
K20;1783;24;ME;alive
K20;1784;27;ME;alive
K20;1785;29;ME;alive
K20;1786;23;MT;alive
K20;1787;21;MT;alive
K20;1788;19;MT;alive
K20;1789;29;MT;alive
K20;1790;22;MT;alive
K20;1791;31;ME;alive
K20;1792;31;ME;alive
K20;1793;25;MT;alive
K20;1794;24;ME;alive
K20;1795;20;MT;alive
K20;1796;25;ME;alive
K20;1797;23;MT;alive
K20;1798;27;ME;alive
K20;1799;24;MT;alive
K20;1800;24;ME;alive
K20;1801;18;MT;alive
K20;1802;25;ME;alive
K20;1803;30;MT;alive
K20;1804;28;ME;alive
K20;1805;28;ME;alive
K40;1806;30;ME;dead
K40;1807;27;ME;dead
K40;1808;22;ME;dead
K40;1809;24;ME;dead
K40;1810;21;ME;dead
K40;1811;33;MT;dead
K40;1812;20;MT;dead
K40;1813;36;MT;dead
K40;1814;29;MT;dead
K40;1815;37;MT;dead
K40;1816;29;MT;dead
K40;1817;30;MT;dead
K40;1818;29;MT;dead
K40;1819;NA;MT;dead
K40;1820;20;MT;dead
K40;1821;27;MT;dead
K40;1822;26;MT;dead
K40;1823;41;MT;dead
K40;1824;21;MT;dead
K40;1825;33;MT;dead
K40;1826;20;MT;dead
K40;1827;30;MT;dead
K40;1828;29;MT;dead
K40;1829;NA;MT;dead
K40;1830;29;MT;alive
K40;1831;20;MT;alive
K40;1832;34;ME;alive
K40;1833;21;MT;alive
K40;1834;35;MT;alive
K40;1835;29;ME;alive
K40;1836;39;ME;alive
K40;1837;29;ME;alive
K40;1838;35;ME;alive
K40;1839;27;MT;alive
K40;1840;35;ME;alive
K40;1841;21;MT;alive
K40;1842;25;ME;alive
K40;1843;30;ME;alive
K40;1844;30;ME;alive
K40;1845;20;MT;alive
K40;1846;28;ME;alive
K40;1847;29;ME;alive
K40;1848;35;ME;alive
K40;1849;32;ME;alive
K40;1850;23;MT;alive
K40;1851;21;ME;alive
K40;1852;30;ME;alive
K40;1853;22;MT;alive
K40;1854;26;MT;alive
K40;1855;23;ME;alive
K40;1856;24;MT;alive
K40;1857;21;MT;alive
K40;1858;23;ME;alive
K40;1859;23;ME;alive
K40;1860;34;ME;alive
K40;1861;33;ME;alive
K40;1862;22;MT;alive
K40;1863;28;MT;alive
K40;1864;25;MT;alive
K40;1865;30;MT;alive
K40;1866;34;ME;alive
K40;1867;29;MT;alive
K40;1868;21;MT;alive
K40;1869;26;MT;alive
K40;1870;24;MT;alive
K40;1871;32;ME;alive
K40;1872;30;MT;alive
K40;1873;28;ME;alive
K40;1874;27;MT;alive
K40;1875;37;MT;alive
K40;1876;29;ME;alive
K40;1877;27;MT;alive
K40;1878;28;MT;alive
K40;1879;23;MT;alive
K40;1880;26;MT;alive
K40;1881;25;ME;alive
K40;1882;31;ME;alive
K40;1883;28;ME;alive
K40;1884;32;ME;alive
K40;1885;23;MT;alive
K40;1886;30;ME;alive
K40;1887;29;ME;alive
K40;1888;31;ME;alive
K40;1889;23;ME;alive
K40;1890;24;MT;alive
K40;1891;28;ME;alive
K40;1892;30;ME;alive
K40;1893;31;ME;alive
K40;1894;27;ME;alive
K40;1895;27;MT;alive
K40;1896;23;MT;alive
K40;1897;29;ME;alive
K40;1898;35;ME;alive
K40;1899;24;ME;alive
K40;1900;35;ME;alive
K40;1901;25;ME;alive
K40;1902;32;ME;alive
K40;1903;27;MT;alive
K40;1904;22;MT;alive
K40;1905;22;ME;alive
K40;1906;28;MT;alive
K40;1907;30;ME;alive
K40;1908;30;ME;alive
K40;1909;29;MT;alive
K40;1910;25;MT;alive
K40;1911;27;ME;alive
K40;1912;21;MT;alive
K40;1913;34;MT;alive
K40;1914;30;ME;alive
K40;1915;28;ME;alive
K40;1916;35;MT;alive
K40;1917;20;MT;alive
K40;1918;25;ME;alive
K40;1919;31;MT;alive
K40;1920;30;ME;alive
K40;1921;24;MT;alive
K40;1922;23;MT;alive
K40;1923;29;ME;alive
K40;1924;28;ME;alive
K40;1925;20;ME;alive
K40;1926;27;ME;alive
K40;1927;NA;MT;alive
K40;1928;25;ME;alive
K40;1929;25;MT;alive
K40;1930;23;ME;alive
K40;1931;24;ME;alive
